,name,short_name,createdAt,updatedAt,task_name,name_fr,ACL,objectId,__type,className,icon,description,description_fr,short_name_fr
0,Content Management System,CMS,2018-05-17T16:09:52.248Z,2020-04-23T16:41:52.767Z,cms,Systemes De Gestion Des Contenus,{'*': {'read': True}},1pSekv8tDk,Object,ServiceCategory,,,,
1,Virtual Private Server,VPS,2018-05-17T16:09:52.422Z,2019-11-28T13:53:21.510Z,vps,,{'*': {'read': True}},HMFAL7N1yK,Object,ServiceCategory,,,,
2,Database Management System,DBMS,2018-05-17T16:09:52.535Z,2018-05-17T16:09:52.535Z,,,,Ghw6x2o8Ji,Object,ServiceCategory,,,,
3,Consulting Services,Consulting Services,2018-05-17T16:09:52.585Z,2018-05-17T16:09:52.585Z,,,,is0R8IKxpL,Object,ServiceCategory,,,,
4,Storage Services,Storage Services,2018-05-17T16:09:52.677Z,2020-04-23T16:37:16.425Z,storage_services,Outils Cloud Et Services De Stockage,{'*': {'read': True}},0wvHuyIHIc,Object,ServiceCategory,,,,
5,Enterprise Resource Planning,ERP,2018-05-17T16:09:52.744Z,2020-04-23T16:48:04.891Z,erp,Entreprise Ressources Planning (Erp) Progiciel De Gestion Integree (Pgi),{'*': {'read': True}},EpKYNatgiA,Object,ServiceCategory,,,,
6,Software Development,Software Development,2018-05-17T16:09:52.807Z,2020-04-23T16:54:50.499Z,software_development,Developpement Des Logiciels,{'*': {'read': True}},Y75plfloDh,Object,ServiceCategory,,,,
7,DevOps Tool,DevOps Tool,2018-05-17T16:09:52.861Z,2020-04-23T16:47:15.591Z,devops_tool,Outils Devops,{'*': {'read': True}},3qMFRyth3m,Object,ServiceCategory,,,,
8,Security,Security,2018-07-03T13:06:06.735Z,2018-07-20T14:44:08.481Z,security,,{'*': {'read': True}},mdXJA7COmP,Object,ServiceCategory,"data:image/svg+xml;utf8;base64,PD94bWwgdmVyc2lvbj0iMS4wIiBlbmNvZGluZz0iaXNvLTg4NTktMSI/Pgo8IS0tIEdlbmVyYXRvcjogQWRvYmUgSWxsdXN0cmF0b3IgMTkuMC4wLCBTVkcgRXhwb3J0IFBsdWctSW4gLiBTVkcgVmVyc2lvbjogNi4wMCBCdWlsZCAwKSAgLS0+CjxzdmcgeG1sbnM9Imh0dHA6Ly93d3cudzMub3JnLzIwMDAvc3ZnIiB4bWxuczp4bGluaz0iaHR0cDovL3d3dy53My5vcmcvMTk5OS94bGluayIgdmVyc2lvbj0iMS4xIiBpZD0iTGF5ZXJfMSIgeD0iMHB4IiB5PSIwcHgiIHZpZXdCb3g9IjAgMCA0ODkuMTAxIDQ4OS4xMDEiIHN0eWxlPSJlbmFibGUtYmFja2dyb3VuZDpuZXcgMCAwIDQ4OS4xMDEgNDg5LjEwMTsiIHhtbDpzcGFjZT0icHJlc2VydmUiIHdpZHRoPSI1MTJweCIgaGVpZ2h0PSI1MTJweCI+CjxnPgoJPGc+CgkJPHBhdGggc3R5bGU9ImZpbGw6IzNDOTJDQTsiIGQ9Ik0zMzAuODY2LDM0NS41NWgtMTY1LjNjLTQsMC03LjItMy4yLTcuMi03LjJ2LTExMy45YzAtNCwzLjItNy4yLDcuMi03LjJoMTY1LjMgICAgYzQsMCw3LjIsMy4yLDcuMiw3LjJ2MTEzLjlDMzM4LjA2NiwzNDIuMzUsMzM0Ljc2NiwzNDUuNTUsMzMwLjg2NiwzNDUuNTV6Ii8+CgkJPHBhdGggZD0iTTIyLjk2NiwzMzMuMzVjMSwwLDIuMS0wLjIsMy4xLTAuNWM0LjctMS43LDcuMi02LjksNS41LTExLjZjLTI5LjYtODIuMy0xMC0xNzIuMyw1MS4xLTIzNC45ICAgIGM0Mi4zLTQzLjIsOTguOC02Ny40LDE1OS4zLTY4LjFjNjAuNC0wLjcsMTE3LjYsMjIuMiwxNjAuOCw2NC41bDEuNCwxLjNsLTI3LjQsMC4zYy01LDAuMS05LDQuMi05LDkuMmMwLjEsNSw0LjEsOSw5LjEsOWgwLjEgICAgbDQ5LjMtMC42YzIuNCwwLDQuNy0xLDYuNC0yLjdzMi42LTQsMi42LTYuNGwtMC42LTQ5LjNjLTAuMS01LTQuMS05LjEtOS4yLTljLTUsMC4xLTksNC4yLTksOS4ybDAuMywyNy40bC0xLjQtMS4zICAgIGMtNDYtNDUtMTA2LjYtNjkuNi0xNzAuOC02OS42Yy0xLDAtMS45LDAtMi45LDBjLTY1LjMsMC43LTEyNi40LDI2LjktMTcyLDczLjZjLTMyLjcsMzMuNC01NSw3NS4yLTY0LjUsMTIwLjggICAgYy05LjIsNDQuNC02LjEsOTAuMyw5LjIsMTMyLjlDMTUuNzY2LDMzMS4wNSwxOS4yNjYsMzMzLjM1LDIyLjk2NiwzMzMuMzV6Ii8+CgkJPHBhdGggZD0iTTQ3NC42NjYsMTYxLjg1Yy0xLjctNC43LTYuOS03LjItMTEuNi01LjVzLTcuMiw2LjktNS41LDExLjZjMjkuNSw4Mi4zLDkuOSwxNzIuMy01MS4yLDIzNC44ICAgIGMtNDQuMyw0NS4zLTEwMy4xLDY4LTE2MS45LDY4Yy01Ny4xLDAtMTE0LjItMjEuNC0xNTguMi02NC40bC0xLjQtMS4zbDI3LjQtMC4zYzUtMC4xLDktNC4yLDktOS4yYy0wLjEtNS00LjEtOS05LjEtOWgtMC4xICAgIGwtNDkuMywwLjZjLTUsMC4xLTksNC4yLTksOS4ybDAuNiw0OS4zYzAuMSw1LDQuMSw5LDkuMSw5aDAuMWM1LTAuMSw5LTQuMiw5LTkuMmwtMC4zLTI3LjRsMS40LDEuMyAgICBjNDcuNSw0Ni40LDEwOS4yLDY5LjUsMTcwLjksNjkuNWM2My41LDAsMTI3LjEtMjQuNiwxNzQuOS03My41YzMyLjctMzMuNCw1NS03NS4yLDY0LjUtMTIwLjggICAgQzQ5My4xNjYsMjUwLjM1LDQ4OS45NjYsMjA0LjQ1LDQ3NC42NjYsMTYxLjg1eiIvPgoJCTxwYXRoIGQ9Ik0yNDguMTY2LDk5LjU1Yy00MCwwLTcyLjUsMzIuNS03Mi41LDcyLjV2MzYuMmgtMi45Yy0xMywwLTIzLjYsMTAuNi0yMy42LDIzLjZ2OTkuM2MwLDEzLDEwLjYsMjMuNiwyMy42LDIzLjZoMTUwLjggICAgYzEzLDAsMjMuNi0xMC42LDIzLjYtMjMuNnYtOTkuM2MwLTEzLTEwLjYtMjMuNi0yMy42LTIzLjZoLTIuOXYtMzYuMkMzMjAuNjY2LDEzMi4wNSwyODguMTY2LDk5LjU1LDI0OC4xNjYsOTkuNTV6ICAgICBNMTkzLjg2NiwxNzIuMDVjMC0zMCwyNC40LTU0LjQsNTQuNC01NC40czU0LjQsMjQuNCw1NC40LDU0LjR2MzYuMmgtMTA4LjhMMTkzLjg2NiwxNzIuMDVMMTkzLjg2NiwxNzIuMDV6IE0zMjguOTY2LDIzMS43NXY5OS4zICAgIGMwLDMtMi40LDUuNC01LjQsNS40aC0xNTAuN2MtMywwLTUuNC0yLjQtNS40LTUuNHYtOTkuM2MwLTMsMi40LTUuNCw1LjQtNS40aDE1MC43QzMyNi41NjYsMjI2LjM1LDMyOC45NjYsMjI4Ljc1LDMyOC45NjYsMjMxLjc1ICAgIHoiLz4KCQk8cGF0aCBkPSJNMjUwLjU2NiwyNTguMDVjLTYtMS4yLTEyLjQsMi4yLTE1LDhjLTIuNyw1LjktMC45LDEyLjcsNC41LDE2LjdjMS4xLDAuOCwxLjMsMS42LDEuMywyLjhjMCw1LjksMCwxMS45LDAsMTcuOGwwLDAgICAgYzAsNC45LDUuMiw4LjYsMTAuNCw2YzIuMi0xLjEsMy41LTMuNSwzLjMtNmwwLDBjMC01LjksMC0xMS45LDAtMTcuOGMwLTEuMywwLjMtMi4xLDEuNC0yLjljMy43LTIuNyw1LjYtNi41LDUuNi0xMS4xICAgIEMyNjEuOTY2LDI2NC44NSwyNTcuMjY2LDI1OS40NTEsMjUwLjU2NiwyNTguMDV6Ii8+Cgk8L2c+CjwvZz4KPGc+CjwvZz4KPGc+CjwvZz4KPGc+CjwvZz4KPGc+CjwvZz4KPGc+CjwvZz4KPGc+CjwvZz4KPGc+CjwvZz4KPGc+CjwvZz4KPGc+CjwvZz4KPGc+CjwvZz4KPGc+CjwvZz4KPGc+CjwvZz4KPGc+CjwvZz4KPGc+CjwvZz4KPGc+CjwvZz4KPC9zdmc+Cg==","Cloud computing security or, more simply, cloud security refers to a broad set of policies, technologies, and controls deployed to protect data, applications, and the associated infrastructure of cloud computing. It is a sub-domain of computer security, network security, and, more broadly, information security.",,
9,Automation,Automation,2018-07-03T13:06:07.303Z,2018-07-03T15:23:57.358Z,automation,,,kI9Ay99zrL,Object,ServiceCategory,"data:image/svg+xml;utf8;base64,PD94bWwgdmVyc2lvbj0iMS4wIiBlbmNvZGluZz0iaXNvLTg4NTktMSI/Pgo8IS0tIEdlbmVyYXRvcjogQWRvYmUgSWxsdXN0cmF0b3IgMTkuMC4wLCBTVkcgRXhwb3J0IFBsdWctSW4gLiBTVkcgVmVyc2lvbjogNi4wMCBCdWlsZCAwKSAgLS0+CjxzdmcgeG1sbnM9Imh0dHA6Ly93d3cudzMub3JnLzIwMDAvc3ZnIiB4bWxuczp4bGluaz0iaHR0cDovL3d3dy53My5vcmcvMTk5OS94bGluayIgdmVyc2lvbj0iMS4xIiBpZD0iQ2FwYV8xIiB4PSIwcHgiIHk9IjBweCIgdmlld0JveD0iMCAwIDU4IDU4IiBzdHlsZT0iZW5hYmxlLWJhY2tncm91bmQ6bmV3IDAgMCA1OCA1ODsiIHhtbDpzcGFjZT0icHJlc2VydmUiIHdpZHRoPSI1MTJweCIgaGVpZ2h0PSI1MTJweCI+CjxjaXJjbGUgc3R5bGU9ImZpbGw6IzQyNEE2MDsiIGN4PSIyOSIgY3k9IjI5IiByPSIyOSIvPgo8cGF0aCBzdHlsZT0iZmlsbDojRkZGRkZGOyIgZD0iTTUzLjE0OCwyMS41MjljLTAuMTQzLTAuNTM0LTAuNjkyLTAuODUzLTEuMjI1LTAuNzA3bC0yLjI2OSwwLjYwOCAgYy0wLjM2OS0xLjE2OC0wLjgzNy0yLjMwMi0xLjQtMy4zOTNsMi4wMy0xLjE3MmMwLjQ3OS0wLjI3NiwwLjY0Mi0wLjg4OCwwLjM2Ni0xLjM2NmMtMC4yNzYtMC40NzktMC44ODktMC42NDQtMS4zNjYtMC4zNjYgIGwtMi4wNDUsMS4xODFjLTAuNjctMS4wNDctMS40MDYtMi4wMjktMi4yMTktMi45MjFsMS42NTctMS42NTdjMC4zOTEtMC4zOTEsMC4zOTEtMS4wMjMsMC0xLjQxNHMtMS4wMjMtMC4zOTEtMS40MTQsMGwtMS42NTMsMS42NTMgIGMtMC45MTMtMC44MzItMS44OTQtMS41NjgtMi45MjEtMi4yMjNsMS4xNzYtMi4wMzZjMC4yNzYtMC40NzksMC4xMTMtMS4wOS0wLjM2Ni0xLjM2NmMtMC40NzktMC4yNzctMS4wOTEtMC4xMTMtMS4zNjYsMC4zNjYgIGwtMS4xNzksMi4wNDJjLTEuMDkxLTAuNTYyLTIuMjI1LTEuMDIzLTMuMzkxLTEuMzkzbDAuNjEzLTIuMjg4YzAuMTQzLTAuNTMzLTAuMTc0LTEuMDgyLTAuNzA3LTEuMjI1ICBjLTAuNTM3LTAuMTQ3LTEuMDgyLDAuMTc0LTEuMjI1LDAuNzA3bC0wLjYxMywyLjI4OEMzMi40MzksNi41ODQsMzEuMjI2LDYuNDE3LDMwLDYuMzU4VjRjMC0wLjU1My0wLjQ0OC0xLTEtMXMtMSwwLjQ0Ny0xLDF2Mi4zNTIgIGMtMS4yMTcsMC4wNTQtMi40MzQsMC4yMDEtMy42NDEsMC40NjVsLTAuNjA1LTIuMjU4Yy0wLjE0My0wLjUzMy0wLjY4OC0wLjg1NC0xLjIyNS0wLjcwN2MtMC41MzMsMC4xNDMtMC44NSwwLjY5MS0wLjcwNywxLjIyNSAgbDAuNjA2LDIuMjYzYy0xLjE1MSwwLjM2Ni0yLjI3OCwwLjg0OS0zLjM4MywxLjQybC0xLjE4LTIuMDQ0QzE3LjU4OSw2LjIzNiwxNi45NzgsNi4wNzIsMTYuNSw2LjM1ICBjLTAuNDc5LDAuMjc2LTAuNjQyLDAuODg4LTAuMzY2LDEuMzY2bDEuMTcyLDIuMDI5Yy0xLjA0LDAuNjY3LTIuMDEyLDEuNDE1LTIuOTEsMi4yMzdsLTEuNjYtMS42NiAgYy0wLjM5MS0wLjM5MS0xLjAyMy0wLjM5MS0xLjQxNCwwcy0wLjM5MSwxLjAyMywwLDEuNDE0bDEuNjY0LDEuNjY0Yy0wLjgyNSwwLjkwOS0xLjU3LDEuODgzLTIuMjI4LDIuOTEzbC0yLjA0My0xLjE3OSAgYy0wLjQ4LTAuMjc3LTEuMDktMC4xMTMtMS4zNjYsMC4zNjZjLTAuMjc2LDAuNDc5LTAuMTEyLDEuMDksMC4zNjYsMS4zNjZsMi4wNDUsMS4xODFjLTAuNTYsMS4wODUtMS4wMywyLjIxOC0xLjQwMywzLjM4NyAgbC0yLjI4MS0wLjYxMmMtMC41MzEtMC4xNDUtMS4wODIsMC4xNzQtMS4yMjUsMC43MDdjLTAuMTQzLDAuNTMzLDAuMTczLDEuMDgyLDAuNzA3LDEuMjI1bDIuMjgxLDAuNjEyICBjLTAuMzM4LDEuNTM1LTAuNTIxLDMuMTE1LTAuNTE2LDQuNzIxYzAuMDAxLDAuNTUyLDAuNDQ5LDAuOTk3LDEsMC45OTdjMC4wMDEsMCwwLjAwMiwwLDAuMDAzLDAgIGMwLjU1Mi0wLjAwMiwwLjk5OS0wLjQ1MSwwLjk5Ny0xLjAwM2MtMC4wMTUtNC45NjQsMS44NTItOS42OCw1LjA3Ni0xMy4yNjdsNy41Nyw3LjU3Yy0wLjc2NSwwLjk1Ny0xLjMzNiwyLjA2Ny0xLjY2MywzLjI4NyAgYy0wLjYyMywyLjMyMS0wLjMwMyw0Ljc0NywwLjg5OCw2LjgyOEMyMi44MSwzNS4yNzUsMjUuNzk4LDM3LDI5LjAwNywzN2MxLjU3MSwwLDMuMTI1LTAuNDE4LDQuNDkyLTEuMjA3ICBjMi4wODItMS4yMDEsMy41Ny0zLjE0Miw0LjE5Mi01LjQ2NGMwLjYyMy0yLjMyMSwwLjMwMy00Ljc0Ny0wLjg5OC02LjgyOGMtMC4yMjgtMC4zOTQtMC40OS0wLjc2MS0wLjc3LTEuMTExbDcuNTg0LTcuNTg0ICBjMC45MTIsMS4wMSwxLjczNywyLjEyNSwyLjQ0NCwzLjM1YzEuNzMyLDMsMi42MzgsNi40MzIsMi42Miw5LjkyNGMtMC4wMDMsMC41NTIsMC40NDMsMS4wMDIsMC45OTUsMS4wMDVjMC4wMDEsMCwwLjAwMywwLDAuMDA1LDAgIGMwLjU1LDAsMC45OTctMC40NDQsMS0wLjk5NWMwLjAwOC0xLjU5Ny0wLjE2OS0zLjE4LTAuNTA0LTQuNzI1bDIuMjczLTAuNjFDNTIuOTc1LDIyLjYxMSw1My4yOTEsMjIuMDYzLDUzLjE0OCwyMS41Mjl6IE0yOC45OTMsMTkgIGMtMS41NzEsMC0zLjEyNSwwLjQxOC00LjQ5MiwxLjIwN2MtMC4zOTUsMC4yMjgtMC43NiwwLjQ5LTEuMTExLDAuNzY4bC03LjU3OS03LjU3OWMxLjAxNy0wLjkyMiwyLjEzMi0xLjc0OCwzLjM0NS0yLjQ0OCAgYzcuNTczLTQuMzczLDE2Ljg2OC0zLjExOCwyMy4wMzcsMi40NDVsLTcuNTg1LDcuNTg1QzMzLjAzMywxOS43MjUsMzEuMDYyLDE5LDI4Ljk5MywxOXogTTM1Ljc2LDI5LjgxMiAgYy0wLjQ4NCwxLjgwNi0xLjY0MiwzLjMxNC0zLjI2MSw0LjI0OUMzMS40MzYsMzQuNjc1LDMwLjIyOCwzNSwyOS4wMDcsMzVjLTIuNDk3LDAtNC44MjItMS4zNDItNi4wNjgtMy41MDEgIGMtMC45MzUtMS42MTktMS4xODMtMy41MDUtMC42OTktNS4zMTFzMS42NDItMy4zMTQsMy4yNjEtNC4yNDlDMjYuNTY0LDIxLjMyNSwyNy43NzIsMjEsMjguOTkzLDIxYzIuNDk3LDAsNC44MjIsMS4zNDIsNi4wNjgsMy41MDEgIEMzNS45OTYsMjYuMTIsMzYuMjQ0LDI4LjAwNiwzNS43NiwyOS44MTJ6Ii8+CjxwYXRoIHN0eWxlPSJmaWxsOiNDN0NBQzc7IiBkPSJNMjYsNDYuNWgtMi4yMDdjLTAuMDE2LDAtMC4wMjksMC4wMDgtMC4wNDQsMC4wMDljLTAuMTItMS43MDUtMC41NTYtMy40MDgtMS4zNDEtNS4wMjMgIGMwLjAxMi0wLjAwNywwLjAyNi0wLjAwOSwwLjAzOC0wLjAxNmwxLjkxMS0xLjEwNGMwLjQ3OS0wLjI3NiwwLjY0Mi0wLjg4OCwwLjM2Ni0xLjM2NmMtMC4yNzctMC40NzktMC44OS0wLjY0My0xLjM2Ni0wLjM2NiAgbC0xLjkxMSwxLjEwNGMtMC4wMTUsMC4wMDktMC4wMjQsMC4wMjQtMC4wMzgsMC4wMzRjLTEuMDA2LTEuNDg4LTIuMjU5LTIuNzE5LTMuNjc1LTMuNjc3YzAuMDA5LTAuMDE0LDAuMDIyLTAuMDI1LDAuMDMtMC4wMzkgIGwxLjEwNC0xLjkxMWMwLjI3Ni0wLjQ3OSwwLjExMi0xLjA5LTAuMzY2LTEuMzY2Yy0wLjQ4LTAuMjc2LTEuMDktMC4xMTMtMS4zNjYsMC4zNjZsLTEuMTA0LDEuOTExICBjLTAuMDA2LDAuMDExLTAuMDA2LDAuMDI0LTAuMDEyLDAuMDM1Yy0xLjU3NC0wLjc2Mi0zLjI4Mi0xLjIxOS01LjAyNi0xLjM0N2MwLTAuMDEzLDAuMDA3LTAuMDIzLDAuMDA3LTAuMDM2VjMxLjUgIGMwLTAuNTUzLTAuNDQ4LTEtMS0xcy0xLDAuNDQ3LTEsMXYyLjIwN2MwLDAuMDE3LDAuMDA5LDAuMDMxLDAuMDEsMC4wNDljLTIuMDE4LDAuMTQ0LTQuMDM2LDAuNzE5LTUuOTA2LDEuNzk5ICBjLTAuNzE4LDAuNDE1LTEuMzc0LDAuODkzLTEuOTg3LDEuNDA4YzAuODUsMi45OCwyLjE2Nyw1Ljc2MiwzLjg2Miw4LjI2N2MwLjQ1OS0xLjAxNywxLjIyMy0xLjkwOCwyLjI2NC0yLjUwOSAgYzIuNjM5LTEuNTI0LDYuMDEzLTAuNjE5LDcuNTM3LDIuMDJzMC42MTksNi4wMTMtMi4wMTksNy41MzdjLTAuMjA0LDAuMTE4LTAuNDEzLDAuMjE2LTAuNjI1LDAuMzA1ICBjMi40NjIsMS43NjUsNS4yMDgsMy4xNTcsOC4xNjIsNC4wODZjMi4wMzktMi4yOSwzLjIyNy01LjE4MSwzLjQ0OS04LjE3OWMwLjAxNywwLjAwMSwwLjAzMSwwLjAxLDAuMDQ4LDAuMDFIMjYgIGMwLjU1MiwwLDEtMC40NDcsMS0xUzI2LjU1Miw0Ni41LDI2LDQ2LjV6Ii8+CjxwYXRoIHN0eWxlPSJmaWxsOiNFRDcxNjE7IiBkPSJNNDguOTksMzMuMjU3YzAuMDAxLTAuMDE3LDAuMDEtMC4wMzIsMC4wMS0wLjA1VjMxYzAtMC41NTMtMC40NDgtMS0xLTFzLTEsMC40NDctMSwxdjIuMjA3ICBjMCwwLjAxNiwwLjAwOCwwLjAyOCwwLjAwOSwwLjA0NGMtMS43MDUsMC4xMi0zLjQxLDAuNTU3LTUuMDI2LDEuMzQyYy0wLjAwNi0wLjAxMi0wLjAwNi0wLjAyNi0wLjAxMy0wLjAzOGwtMS4xMDQtMS45MTEgIEM0MC41OSwzMi4xNjQsMzkuOTc4LDMyLDM5LjUsMzIuMjc3Yy0wLjQ3OSwwLjI3Ni0wLjY0MiwwLjg4OC0wLjM2NiwxLjM2NmwxLjEwNCwxLjkxMWMwLjAwOSwwLjAxNSwwLjAyMiwwLjAyNiwwLjAzMSwwLjA0ICBjLTEuNDg4LDEuMDA3LTIuNzE5LDIuMjYtMy42NzYsMy42NzZjLTAuMDE0LTAuMDA5LTAuMDIyLTAuMDI0LTAuMDM3LTAuMDMzbC0xLjkxMS0xLjEwNGMtMC40ODEtMC4yNzctMS4wODktMC4xMTMtMS4zNjYsMC4zNjYgIGMtMC4yNzYsMC40NzktMC4xMTIsMS4wOSwwLjM2NiwxLjM2NmwxLjkxMSwxLjEwNGMwLjAxMSwwLjAwNiwwLjAyMywwLjAwOCwwLjAzNCwwLjAxNGMtMC43NjEsMS41NzMtMS4yMTgsMy4yOC0xLjM0Niw1LjAyNCAgQzM0LjIzLDQ2LjAwNywzNC4yMiw0NiwzNC4yMDcsNDZIMzJjLTAuNTUyLDAtMSwwLjQ0Ny0xLDFzMC40NDgsMSwxLDFoMi4yMDdjMC4wMTcsMCwwLjAzMi0wLjAwOSwwLjA0OS0wLjAxICBjMC4xNDQsMi4wMTgsMC43MTksNC4wMzYsMS43OTksNS45MDZjMC41NywwLjk4NywxLjI1MywxLjg2NCwyLjAwOSwyLjY1MWMyLjk5OC0wLjk4Niw1Ljc3NS0yLjQ1NCw4LjI1Mi00LjMwMiAgYy0xLjI1OS0wLjQwNC0yLjM4LTEuMjUyLTMuMDkzLTIuNDg3Yy0xLjUyNC0yLjYzOS0wLjYxOS02LjAxMywyLjAxOS03LjUzN3M2LjAxMy0wLjYxOSw3LjUzNywyLjAyICBjMC4xNDksMC4yNTgsMC4yNjgsMC41MjUsMC4zNzEsMC43OTVjMS43MDktMi41NjgsMy4wMjYtNS40MTksMy44NDktOC40NzZDNTQuNzM2LDM0LjYxMiw1MS45MTQsMzMuNDc0LDQ4Ljk5LDMzLjI1N3oiLz4KPGc+CjwvZz4KPGc+CjwvZz4KPGc+CjwvZz4KPGc+CjwvZz4KPGc+CjwvZz4KPGc+CjwvZz4KPGc+CjwvZz4KPGc+CjwvZz4KPGc+CjwvZz4KPGc+CjwvZz4KPGc+CjwvZz4KPGc+CjwvZz4KPGc+CjwvZz4KPGc+CjwvZz4KPGc+CjwvZz4KPC9zdmc+Cg==","Ansible is a simple, yet powerful IT automation engine used to drive complexity out of IT environments and accelerate DevOps initiatives.",,
10,Compute / Server,Compute / Server,2018-07-03T13:06:07.700Z,2018-07-03T15:24:20.533Z,compute_server,,,9midjqAkRy,Object,ServiceCategory,"data:image/svg+xml;utf8;base64,PD94bWwgdmVyc2lvbj0iMS4wIiBlbmNvZGluZz0iaXNvLTg4NTktMSI/Pgo8IS0tIEdlbmVyYXRvcjogQWRvYmUgSWxsdXN0cmF0b3IgMTguMC4wLCBTVkcgRXhwb3J0IFBsdWctSW4gLiBTVkcgVmVyc2lvbjogNi4wMCBCdWlsZCAwKSAgLS0+CjwhRE9DVFlQRSBzdmcgUFVCTElDICItLy9XM0MvL0RURCBTVkcgMS4xLy9FTiIgImh0dHA6Ly93d3cudzMub3JnL0dyYXBoaWNzL1NWRy8xLjEvRFREL3N2ZzExLmR0ZCI+CjxzdmcgeG1sbnM9Imh0dHA6Ly93d3cudzMub3JnLzIwMDAvc3ZnIiB4bWxuczp4bGluaz0iaHR0cDovL3d3dy53My5vcmcvMTk5OS94bGluayIgdmVyc2lvbj0iMS4xIiBpZD0iQ2FwYV8xIiB4PSIwcHgiIHk9IjBweCIgdmlld0JveD0iMCAwIDU5IDU5IiBzdHlsZT0iZW5hYmxlLWJhY2tncm91bmQ6bmV3IDAgMCA1OSA1OTsiIHhtbDpzcGFjZT0icHJlc2VydmUiIHdpZHRoPSI1MTJweCIgaGVpZ2h0PSI1MTJweCI+CjxnPgoJPGc+CgkJPHBhdGggc3R5bGU9ImZpbGw6IzU1NjA4MDsiIGQ9Ik01NC44OTIsMTlINC4xMDhDMi4xMTYsMTksMC41LDE3LjM4NCwwLjUsMTUuMzkyVjMuNjA4QzAuNSwxLjYxNiwyLjExNiwwLDQuMTA4LDBoNTAuNzgzICAgIEM1Ni44ODQsMCw1OC41LDEuNjE2LDU4LjUsMy42MDh2MTEuNzgzQzU4LjUsMTcuMzg0LDU2Ljg4NCwxOSw1NC44OTIsMTl6Ii8+CgkJPHBhdGggc3R5bGU9ImZpbGw6IzM4NDU0RjsiIGQ9Ik01NC44OTIsMzhINC4xMDhDMi4xMTYsMzgsMC41LDM2LjM4NCwwLjUsMzQuMzkyVjIyLjYwOEMwLjUsMjAuNjE2LDIuMTE2LDE5LDQuMTA4LDE5aDUwLjc4MyAgICBjMS45OTMsMCwzLjYwOCwxLjYxNiwzLjYwOCwzLjYwOHYxMS43ODNDNTguNSwzNi4zODQsNTYuODg0LDM4LDU0Ljg5MiwzOHoiLz4KCQk8cGF0aCBzdHlsZT0iZmlsbDojNTU2MDgwOyIgZD0iTTU0Ljg5Miw1N0g0LjEwOEMyLjExNiw1NywwLjUsNTUuMzg0LDAuNSw1My4zOTJWNDEuNjA4QzAuNSwzOS42MTYsMi4xMTYsMzgsNC4xMDgsMzhoNTAuNzgzICAgIGMxLjk5MywwLDMuNjA4LDEuNjE2LDMuNjA4LDMuNjA4djExLjc4M0M1OC41LDU1LjM4NCw1Ni44ODQsNTcsNTQuODkyLDU3eiIvPgoJCTxjaXJjbGUgc3R5bGU9ImZpbGw6Izg2OTdDQjsiIGN4PSIxMCIgY3k9IjkuNSIgcj0iMy41Ii8+CgkJPGNpcmNsZSBzdHlsZT0iZmlsbDojODY5N0NCOyIgY3g9IjQ5LjUiIGN5PSI4IiByPSIxIi8+CgkJPGNpcmNsZSBzdHlsZT0iZmlsbDojODY5N0NCOyIgY3g9IjQ1LjUiIGN5PSI4IiByPSIxIi8+CgkJPGNpcmNsZSBzdHlsZT0iZmlsbDojODY5N0NCOyIgY3g9IjUxLjUiIGN5PSIxMSIgcj0iMSIvPgoJCTxjaXJjbGUgc3R5bGU9ImZpbGw6Izg2OTdDQjsiIGN4PSI0Ny41IiBjeT0iMTEiIHI9IjEiLz4KCQk8Y2lyY2xlIHN0eWxlPSJmaWxsOiM4Njk3Q0I7IiBjeD0iNDEuNSIgY3k9IjgiIHI9IjEiLz4KCQk8Y2lyY2xlIHN0eWxlPSJmaWxsOiM4Njk3Q0I7IiBjeD0iNDMuNSIgY3k9IjExIiByPSIxIi8+CgkJPGNpcmNsZSBzdHlsZT0iZmlsbDojODY5N0NCOyIgY3g9IjM3LjUiIGN5PSI4IiByPSIxIi8+CgkJPGNpcmNsZSBzdHlsZT0iZmlsbDojODY5N0NCOyIgY3g9IjM5LjUiIGN5PSIxMSIgcj0iMSIvPgoJCTxjaXJjbGUgc3R5bGU9ImZpbGw6Izg2OTdDQjsiIGN4PSIzMy41IiBjeT0iOCIgcj0iMSIvPgoJCTxjaXJjbGUgc3R5bGU9ImZpbGw6Izg2OTdDQjsiIGN4PSIzNS41IiBjeT0iMTEiIHI9IjEiLz4KCQk8Y2lyY2xlIHN0eWxlPSJmaWxsOiM4Njk3Q0I7IiBjeD0iMTAiIGN5PSIyOC41IiByPSIzLjUiLz4KCQk8Y2lyY2xlIHN0eWxlPSJmaWxsOiM4Njk3Q0I7IiBjeD0iNDkuNSIgY3k9IjI3IiByPSIxIi8+CgkJPGNpcmNsZSBzdHlsZT0iZmlsbDojODY5N0NCOyIgY3g9IjQ1LjUiIGN5PSIyNyIgcj0iMSIvPgoJCTxjaXJjbGUgc3R5bGU9ImZpbGw6Izg2OTdDQjsiIGN4PSI1MS41IiBjeT0iMzAiIHI9IjEiLz4KCQk8Y2lyY2xlIHN0eWxlPSJmaWxsOiM4Njk3Q0I7IiBjeD0iNDcuNSIgY3k9IjMwIiByPSIxIi8+CgkJPGNpcmNsZSBzdHlsZT0iZmlsbDojODY5N0NCOyIgY3g9IjQxLjUiIGN5PSIyNyIgcj0iMSIvPgoJCTxjaXJjbGUgc3R5bGU9ImZpbGw6Izg2OTdDQjsiIGN4PSI0My41IiBjeT0iMzAiIHI9IjEiLz4KCQk8Y2lyY2xlIHN0eWxlPSJmaWxsOiM4Njk3Q0I7IiBjeD0iMzcuNSIgY3k9IjI3IiByPSIxIi8+CgkJPGNpcmNsZSBzdHlsZT0iZmlsbDojODY5N0NCOyIgY3g9IjM5LjUiIGN5PSIzMCIgcj0iMSIvPgoJCTxjaXJjbGUgc3R5bGU9ImZpbGw6Izg2OTdDQjsiIGN4PSIzMy41IiBjeT0iMjciIHI9IjEiLz4KCQk8Y2lyY2xlIHN0eWxlPSJmaWxsOiM4Njk3Q0I7IiBjeD0iMzUuNSIgY3k9IjMwIiByPSIxIi8+CgkJPGNpcmNsZSBzdHlsZT0iZmlsbDojODY5N0NCOyIgY3g9IjEwIiBjeT0iNDcuNSIgcj0iMy41Ii8+CgkJPGNpcmNsZSBzdHlsZT0iZmlsbDojODY5N0NCOyIgY3g9IjQ5LjUiIGN5PSI0NiIgcj0iMSIvPgoJCTxjaXJjbGUgc3R5bGU9ImZpbGw6Izg2OTdDQjsiIGN4PSI0NS41IiBjeT0iNDYiIHI9IjEiLz4KCQk8Y2lyY2xlIHN0eWxlPSJmaWxsOiM4Njk3Q0I7IiBjeD0iNTEuNSIgY3k9IjQ5IiByPSIxIi8+CgkJPGNpcmNsZSBzdHlsZT0iZmlsbDojODY5N0NCOyIgY3g9IjQ3LjUiIGN5PSI0OSIgcj0iMSIvPgoJCTxjaXJjbGUgc3R5bGU9ImZpbGw6Izg2OTdDQjsiIGN4PSI0MS41IiBjeT0iNDYiIHI9IjEiLz4KCQk8Y2lyY2xlIHN0eWxlPSJmaWxsOiM4Njk3Q0I7IiBjeD0iNDMuNSIgY3k9IjQ5IiByPSIxIi8+CgkJPGNpcmNsZSBzdHlsZT0iZmlsbDojODY5N0NCOyIgY3g9IjM3LjUiIGN5PSI0NiIgcj0iMSIvPgoJCTxjaXJjbGUgc3R5bGU9ImZpbGw6Izg2OTdDQjsiIGN4PSIzOS41IiBjeT0iNDkiIHI9IjEiLz4KCQk8Y2lyY2xlIHN0eWxlPSJmaWxsOiM4Njk3Q0I7IiBjeD0iMzMuNSIgY3k9IjQ2IiByPSIxIi8+CgkJPGNpcmNsZSBzdHlsZT0iZmlsbDojODY5N0NCOyIgY3g9IjM1LjUiIGN5PSI0OSIgcj0iMSIvPgoJPC9nPgoJPGc+CgkJPGc+CgkJCTxwYXRoIHN0eWxlPSJmaWxsOiM0OEEwREM7IiBkPSJNNTMuNTQ1LDQ4LjExMUM1My40OTQsNDQuMTc1LDUwLjM4Miw0MSw0Ni41NDYsNDFjLTIuNTY4LDAtNC44MDYsMS40MjYtNi4wMjUsMy41NDYgICAgIGMtMC40MjEtMC4xNDEtMC44Ny0wLjIyLTEuMzM3LTAuMjJjLTIuMDYzLDAtMy43ODUsMS40OTItNC4yMDgsMy40ODRDMzMuMjIxLDQ4LjY3NSwzMiw1MC41MTYsMzIsNTIuNjQxICAgICBDMzIsNTUuNTg5LDM0LjM0Myw1OCwzNy4yMDgsNThoMTAuNzc1YzAuMDYxLDAsMC4xMTktMC4wMDcsMC4xOC0wLjAwOWMwLjA2LDAuMDAyLDAuMTE5LDAuMDA5LDAuMTgsMC4wMDloNC4zMSAgICAgYzIuNjY3LDAsNC44NDktMi4yNDUsNC44NDktNC45ODlDNTcuNSw1MC41ODEsNTUuNzg4LDQ4LjU0Niw1My41NDUsNDguMTExeiIvPgoJCQk8cGF0aCBzdHlsZT0iZmlsbDojQjFEM0VGOyIgZD0iTTUyLjY1MSw1OWgtNC4zMWMtMC4wNjMsMC0wLjEyNi0wLjAwNC0wLjE4OC0wLjAwOEM0OC4xMDYsNTguOTk2LDQ4LjA0NSw1OSw0Ny45ODIsNTlIMzcuMjA4ICAgICBDMzMuNzg1LDU5LDMxLDU2LjE0NywzMSw1Mi42NDJjMC0yLjI2MiwxLjIwOS00LjM3MiwzLjExNi01LjUwM2MwLjY4Ni0yLjIzNSwyLjc0Ni0zLjgxMyw1LjA2Ni0zLjgxMyAgICAgYzAuMjk2LDAsMC41OTIsMC4wMjUsMC44ODQsMC4wNzZDNDEuNTYyLDQxLjI4Niw0My45OCw0MCw0Ni41NDYsNDBjNC4xMDIsMCw3LjUyNCwzLjIyNSw3Ljk1NCw3LjMzMiAgICAgYzIuMzU4LDAuODA2LDQsMy4wNzksNCw1LjY3OUM1OC41LDU2LjMxMyw1NS44NzYsNTksNTIuNjUxLDU5eiBNNDguMTE0LDU2Ljk5MWwwLjE4NiwwLjAwNkw1Mi42NTEsNTcgICAgIGMyLjEyMiwwLDMuODQ5LTEuNzksMy44NDktMy45ODljMC0xLjkxNy0xLjMyMy0zLjU2NC0zLjE0Ni0zLjkxOWwtMC43OTktMC4xNTVsLTAuMDExLTAuODEzQzUyLjUwMSw0NC43NDcsNDkuODExLDQyLDQ2LjU0Niw0MiAgICAgYy0yLjEzNSwwLTQuMDYzLDEuMTM5LTUuMTU4LDMuMDQ1bC0wLjQwOSwwLjcxMWwtMC43NzctMC4yNjFjLTAuMzMyLTAuMTEyLTAuNjc1LTAuMTY5LTEuMDE5LTAuMTY5ICAgICBjLTEuNTQsMC0yLjg5OCwxLjEzMy0zLjIyOSwyLjY5MmwtMC4xMDIsMC40NzVsLTAuNDM1LDAuMjE0QzMzLjk0OCw0OS40MzIsMzMsNTAuOTc2LDMzLDUyLjY0MkMzMyw1NS4wNDUsMzQuODg4LDU3LDM3LjIwOCw1NyAgICAgTDQ4LjExNCw1Ni45OTF6Ii8+CgkJPC9nPgoJPC9nPgo8L2c+CjxnPgo8L2c+CjxnPgo8L2c+CjxnPgo8L2c+CjxnPgo8L2c+CjxnPgo8L2c+CjxnPgo8L2c+CjxnPgo8L2c+CjxnPgo8L2c+CjxnPgo8L2c+CjxnPgo8L2c+CjxnPgo8L2c+CjxnPgo8L2c+CjxnPgo8L2c+CjxnPgo8L2c+CjxnPgo8L2c+Cjwvc3ZnPgo=","Designating a computer as ""server-class hardware"" implies that it is specialized for running servers on it. ",,
11,Software IDE,Software IDE,2018-07-03T13:06:08.033Z,2020-04-23T16:54:11.125Z,software_ide,Outils D’environnement De Developpement,{'*': {'read': True}},V3WOoqOqQF,Object,ServiceCategory,"data:image/svg+xml;utf8;base64,PD94bWwgdmVyc2lvbj0iMS4wIiBlbmNvZGluZz0iaXNvLTg4NTktMSI/Pgo8IS0tIEdlbmVyYXRvcjogQWRvYmUgSWxsdXN0cmF0b3IgMTkuMC4wLCBTVkcgRXhwb3J0IFBsdWctSW4gLiBTVkcgVmVyc2lvbjogNi4wMCBCdWlsZCAwKSAgLS0+CjxzdmcgeG1sbnM9Imh0dHA6Ly93d3cudzMub3JnLzIwMDAvc3ZnIiB4bWxuczp4bGluaz0iaHR0cDovL3d3dy53My5vcmcvMTk5OS94bGluayIgdmVyc2lvbj0iMS4xIiBpZD0iQ2FwYV8xIiB4PSIwcHgiIHk9IjBweCIgdmlld0JveD0iMCAwIDUxMiA1MTIiIHN0eWxlPSJlbmFibGUtYmFja2dyb3VuZDpuZXcgMCAwIDUxMiA1MTI7IiB4bWw6c3BhY2U9InByZXNlcnZlIiB3aWR0aD0iNTEycHgiIGhlaWdodD0iNTEycHgiPgo8cmVjdCB4PSIxODEiIHk9IjM2MSIgc3R5bGU9ImZpbGw6IzAwNTBDNzsiIHdpZHRoPSIxNTAiIGhlaWdodD0iMTIxIi8+CjxyZWN0IHg9IjI1NiIgeT0iMzYxIiBzdHlsZT0iZmlsbDojMDA0NTk3OyIgd2lkdGg9Ijc1IiBoZWlnaHQ9IjEyMSIvPgo8cGF0aCBzdHlsZT0iZmlsbDojMDA1MEM3OyIgZD0iTTUxMiw0NXYyNTZsLTMwLDMwSDMwTDAsMzAxVjQ1QzAsMjAuMDk5LDIwLjA5OSwwLDQ1LDBoNDIyQzQ5MS45MDEsMCw1MTIsMjAuMDk5LDUxMiw0NXoiLz4KPHBhdGggc3R5bGU9ImZpbGw6IzAwNDU5NzsiIGQ9Ik01MTIsNDV2MjU2bC0zMCwzMEgyNTZWMGgyMTFDNDkxLjkwMSwwLDUxMiwyMC4wOTksNTEyLDQ1eiIvPgo8cGF0aCBzdHlsZT0iZmlsbDojMDBFM0ZGOyIgZD0iTTQ2NywzMEg0NWMtOC40MDEsMC0xNSw2LjU5OS0xNSwxNXYzMTZoNDUyVjQ1QzQ4MiwzNi41OTksNDc1LjQwMSwzMCw0NjcsMzB6Ii8+CjxwYXRoIHN0eWxlPSJmaWxsOiMwMEQwRkY7IiBkPSJNNDgyLDQ1djMxNkgyNTZWMzBoMjExQzQ3NS40MDEsMzAsNDgyLDM2LjU5OSw0ODIsNDV6Ii8+CjxwYXRoIHN0eWxlPSJmaWxsOiMwMDdCRkY7IiBkPSJNMzkxLDQ5N2MwLDguMzk5LTYuNTk5LDE1LTE1LDE1SDEzNmMtOC40MDEsMC0xNS02LjYwMS0xNS0xNWMwLTI0LjkwMSwyMC4wOTktNDUsNDUtNDVoMTgwICBDMzcwLjkwMSw0NTIsMzkxLDQ3Mi4wOTksMzkxLDQ5N3oiLz4KPHBhdGggc3R5bGU9ImZpbGw6IzAwNTBDNzsiIGQ9Ik0zOTEsNDk3YzAsOC4zOTktNi41OTksMTUtMTUsMTVIMjU2di02MGg5MEMzNzAuOTAxLDQ1MiwzOTEsNDcyLjA5OSwzOTEsNDk3eiIvPgo8cGF0aCBzdHlsZT0iZmlsbDojMDA3QkZGOyIgZD0iTTUxMiwzMDF2NDVjMCwyNC44OTktMjAuMDk5LDQ1LTQ1LDQ1SDQ1Yy0yNC45MDEsMC00NS0yMC4xMDEtNDUtNDV2LTQ1SDUxMnoiLz4KPHBhdGggc3R5bGU9ImZpbGw6IzAwNTBDNzsiIGQ9Ik01MTIsMzAxdjQ1YzAsMjQuODk5LTIwLjA5OSw0NS00NSw0NUgyNTZ2LTkwSDUxMnoiLz4KPGc+Cgk8cGF0aCBzdHlsZT0iZmlsbDojRTFFNEZCOyIgZD0iTTE2NiwxMjFoLTYxYy04LjI5MSwwLTE1LTYuNzA5LTE1LTE1czYuNzA5LTE1LDE1LTE1aDYxYzguMjkxLDAsMTUsNi43MDksMTUsMTUgICBTMTc0LjI5MSwxMjEsMTY2LDEyMXoiLz4KCTxwYXRoIHN0eWxlPSJmaWxsOiNFMUU0RkI7IiBkPSJNMTY2LDE4MWgtNjFjLTguMjkxLDAtMTUtNi43MDktMTUtMTVzNi43MDktMTUsMTUtMTVoNjFjOC4yOTEsMCwxNSw2LjcwOSwxNSwxNSAgIFMxNzQuMjkxLDE4MSwxNjYsMTgxeiIvPgoJPHBhdGggc3R5bGU9ImZpbGw6I0UxRTRGQjsiIGQ9Ik0xNjYsMjQxaC02MWMtOC4yOTEsMC0xNS02LjcwOS0xNS0xNXM2LjcwOS0xNSwxNS0xNWg2MWM4LjI5MSwwLDE1LDYuNzA5LDE1LDE1ICAgUzE3NC4yOTEsMjQxLDE2NiwyNDF6Ii8+CjwvZz4KPHBhdGggc3R5bGU9ImZpbGw6IzlFMEE0ODsiIGQ9Ik00MTIuMzAxLDEyNi43TDM3My4zLDE0Mi41OTlMMzYxLDE2NmwtMzAsNDV2MTVsMzAsNDVsODMuMzItNTUuNTQ3ICBjNC4xNzMtMi43ODIsNi42OC03LjQ2NSw2LjY4LTEyLjQ4MVYxMTMuNUw0MTIuMzAxLDEyNi43eiIvPgo8cGF0aCBzdHlsZT0iZmlsbDojREQwMjVCOyIgZD0iTTM1Mi4zMDEsMTQ1TDMxNiwxMzAuODk5TDI3MSwxMTMuNXY4OS40NzJjMCw1LjAxNSwyLjUwNyw5LjY5OSw2LjY4LDEyLjQ4MUwzNjEsMjcxVjE2NkwzNTIuMzAxLDE0NSAgeiIvPgo8cGF0aCBzdHlsZT0iZmlsbDojRkYwQjY5OyIgZD0iTTQ1MSwxMTMuNUwzNjEsMTY2bC05MC01Mi41bDYuMzAxLTMuOUwzNTMuNSw2My4xYzQuNTAxLTIuNzAxLDEwLjQ5OS0yLjcwMSwxNSwwTDQ1MSwxMTMuNXoiLz4KPGc+CjwvZz4KPGc+CjwvZz4KPGc+CjwvZz4KPGc+CjwvZz4KPGc+CjwvZz4KPGc+CjwvZz4KPGc+CjwvZz4KPGc+CjwvZz4KPGc+CjwvZz4KPGc+CjwvZz4KPGc+CjwvZz4KPGc+CjwvZz4KPGc+CjwvZz4KPGc+CjwvZz4KPGc+CjwvZz4KPC9zdmc+Cg==","
A diagram showing how the user interacts with application software on a typical desktop computer.The application software layer interfaces with the operating system, which in turn communicates with the hardware. The arrows indicate information flow.
Computer software, or simply software, is a generic term that refers to a collection of data or computer instructions that tell the computer how to work, in contrast to the physical hardware from which the system is built, that actually performs the work. In computer science and software engineering, computer software is all information processed by computer systems, programs and data.",,
12,Networking,Networking,2018-07-03T13:06:08.384Z,2018-07-03T15:27:20.764Z,networking,,,WXgyRUYM7N,Object,ServiceCategory,"data:image/svg+xml;utf8;base64,PD94bWwgdmVyc2lvbj0iMS4wIiBlbmNvZGluZz0iaXNvLTg4NTktMSI/Pgo8IS0tIEdlbmVyYXRvcjogQWRvYmUgSWxsdXN0cmF0b3IgMTkuMC4wLCBTVkcgRXhwb3J0IFBsdWctSW4gLiBTVkcgVmVyc2lvbjogNi4wMCBCdWlsZCAwKSAgLS0+CjxzdmcgeG1sbnM9Imh0dHA6Ly93d3cudzMub3JnLzIwMDAvc3ZnIiB4bWxuczp4bGluaz0iaHR0cDovL3d3dy53My5vcmcvMTk5OS94bGluayIgdmVyc2lvbj0iMS4xIiBpZD0iQ2FwYV8xIiB4PSIwcHgiIHk9IjBweCIgdmlld0JveD0iMCAwIDUxMiA1MTIiIHN0eWxlPSJlbmFibGUtYmFja2dyb3VuZDpuZXcgMCAwIDUxMiA1MTI7IiB4bWw6c3BhY2U9InByZXNlcnZlIiB3aWR0aD0iNTEycHgiIGhlaWdodD0iNTEycHgiPgo8Zz4KCTxyZWN0IHg9IjQyLjY2NyIgeT0iMjAwLjUzMyIgc3R5bGU9ImZpbGw6IzgzOTU5NDsiIHdpZHRoPSI0MjYuNjY3IiBoZWlnaHQ9IjY4LjI2NyIvPgoJPHJlY3QgeD0iNDIuNjY3IiB5PSI0LjI2NyIgc3R5bGU9ImZpbGw6IzgzOTU5NDsiIHdpZHRoPSI0MjYuNjY3IiBoZWlnaHQ9IjU5LjczMyIvPgo8L2c+CjxnPgoJPHBhdGggc3R5bGU9ImZpbGw6I0U3RUNFRDsiIGQ9Ik00NzUuNzMzLDIwOS4wNjdIMzYuMjY3Yy0xNS4zMTcsMC0yNy43MzMtMTIuNDE2LTI3LjczMy0yNy43MzNWODMuMiAgIGMwLTE1LjMxNywxMi40MTYtMjcuNzMzLDI3LjczMy0yNy43MzNoNDM5LjQ2N2MxNS4zMTcsMCwyNy43MzMsMTIuNDE2LDI3LjczMywyNy43MzN2OTguMTMzICAgQzUwMy40NjcsMTk2LjY1MSw0OTEuMDUxLDIwOS4wNjcsNDc1LjczMywyMDkuMDY3eiIvPgoJPHBhdGggc3R5bGU9ImZpbGw6I0U3RUNFRDsiIGQ9Ik00NzUuNzMzLDQxMy44NjdIMzYuMjY3Yy0xNS4zMTcsMC0yNy43MzMtMTIuNDE2LTI3LjczMy0yNy43MzNWMjg4ICAgYzAtMTUuMzE3LDEyLjQxNi0yNy43MzMsMjcuNzMzLTI3LjczM2g0MzkuNDY3YzE1LjMxNywwLDI3LjczMywxMi40MTYsMjcuNzMzLDI3LjczM3Y5OC4xMzMgICBDNTAzLjQ2Nyw0MDEuNDUxLDQ5MS4wNTEsNDEzLjg2Nyw0NzUuNzMzLDQxMy44Njd6Ii8+CjwvZz4KPGc+Cgk8cGF0aCBzdHlsZT0iZmlsbDojREQzNTJFOyIgZD0iTTMwNy4yLDMxMS40NjdIMTg3LjczM2MtNC43MSwwLTguNTMzLTMuODE0LTguNTMzLTguNTMzczMuODIzLTguNTMzLDguNTMzLTguNTMzSDMwNy4yICAgYzQuNzEsMCw4LjUzMywzLjgxNCw4LjUzMyw4LjUzM1MzMTEuOTEsMzExLjQ2NywzMDcuMiwzMTEuNDY3eiIvPgoJPHBhdGggc3R5bGU9ImZpbGw6I0REMzUyRTsiIGQ9Ik0zMDcuMiwzNzkuNzMzSDE4Ny43MzNjLTQuNzEsMC04LjUzMy0zLjgxNC04LjUzMy04LjUzM2MwLTQuNzE5LDMuODIzLTguNTMzLDguNTMzLTguNTMzSDMwNy4yICAgYzQuNzEsMCw4LjUzMywzLjgxNCw4LjUzMyw4LjUzM0MzMTUuNzMzLDM3NS45MTksMzExLjkxLDM3OS43MzMsMzA3LjIsMzc5LjczM3oiLz4KPC9nPgo8cGF0aCBzdHlsZT0iZmlsbDojRUJCQTE2OyIgZD0iTTIwNC44LDM0NS42aC0xNy4wNjdjLTQuNzEsMC04LjUzMy0zLjgxNC04LjUzMy04LjUzM2MwLTQuNzE5LDMuODIzLTguNTMzLDguNTMzLTguNTMzSDIwNC44ICBjNC43MSwwLDguNTMzLDMuODE0LDguNTMzLDguNTMzQzIxMy4zMzMsMzQxLjc4NiwyMDkuNTEsMzQ1LjYsMjA0LjgsMzQ1LjZ6Ii8+CjxwYXRoIHN0eWxlPSJmaWxsOiNEQzY5MUQ7IiBkPSJNMzA3LjIsMzQ1LjZoLTE3LjA2N2MtNC43MSwwLTguNTMzLTMuODE0LTguNTMzLTguNTMzYzAtNC43MTksMy44MjMtOC41MzMsOC41MzMtOC41MzNIMzA3LjIgIGM0LjcxLDAsOC41MzMsMy44MTQsOC41MzMsOC41MzNDMzE1LjczMywzNDEuNzg2LDMxMS45MSwzNDUuNiwzMDcuMiwzNDUuNnoiLz4KPHBhdGggc3R5bGU9ImZpbGw6I0VEOEExOTsiIGQ9Ik0yNTYsMzQ1LjZoLTE3LjA2N2MtNC43MSwwLTguNTMzLTMuODE0LTguNTMzLTguNTMzYzAtNC43MTksMy44MjMtOC41MzMsOC41MzMtOC41MzNIMjU2ICBjNC43MSwwLDguNTMzLDMuODE0LDguNTMzLDguNTMzQzI2NC41MzMsMzQxLjc4NiwyNjAuNzEsMzQ1LjYsMjU2LDM0NS42eiIvPgo8cGF0aCBzdHlsZT0iZmlsbDojNjFCODcyOyIgZD0iTTM2Ni45MzMsMzExLjQ2N2gtMTcuMDY3Yy00LjcxLDAtOC41MzMtMy44MTQtOC41MzMtOC41MzNzMy44MjMtOC41MzMsOC41MzMtOC41MzNoMTcuMDY3ICBjNC43MSwwLDguNTMzLDMuODE0LDguNTMzLDguNTMzUzM3MS42NDQsMzExLjQ2NywzNjYuOTMzLDMxMS40Njd6Ii8+CjxwYXRoIHN0eWxlPSJmaWxsOiNDQjQ2NUY7IiBkPSJNNDY5LjMzMywzMTEuNDY3aC0xNy4wNjdjLTQuNzEsMC04LjUzMy0zLjgxNC04LjUzMy04LjUzM3MzLjgyMy04LjUzMyw4LjUzMy04LjUzM2gxNy4wNjcgIGM0LjcxLDAsOC41MzMsMy44MTQsOC41MzMsOC41MzNTNDc0LjA0NCwzMTEuNDY3LDQ2OS4zMzMsMzExLjQ2N3oiLz4KPHBhdGggc3R5bGU9ImZpbGw6IzczODNCRjsiIGQ9Ik00MTguMTMzLDMxMS40NjdoLTE3LjA2N2MtNC43MSwwLTguNTMzLTMuODE0LTguNTMzLTguNTMzczMuODIzLTguNTMzLDguNTMzLTguNTMzaDE3LjA2NyAgYzQuNzEsMCw4LjUzMywzLjgxNCw4LjUzMyw4LjUzM1M0MjIuODQ0LDMxMS40NjcsNDE4LjEzMywzMTEuNDY3eiIvPgo8cGF0aCBzdHlsZT0iZmlsbDojNzUzNDhCOyIgZD0iTTM2Ni45MzMsMzQ1LjZoLTE3LjA2N2MtNC43MSwwLTguNTMzLTMuODE0LTguNTMzLTguNTMzYzAtNC43MTksMy44MjMtOC41MzMsOC41MzMtOC41MzNoMTcuMDY3ICBjNC43MSwwLDguNTMzLDMuODE0LDguNTMzLDguNTMzQzM3NS40NjcsMzQxLjc4NiwzNzEuNjQ0LDM0NS42LDM2Ni45MzMsMzQ1LjZ6Ii8+CjxwYXRoIHN0eWxlPSJmaWxsOiNGQzM5NTI7IiBkPSJNNDY5LjMzMywzNDUuNmgtMTcuMDY3Yy00LjcxLDAtOC41MzMtMy44MTQtOC41MzMtOC41MzNjMC00LjcxOSwzLjgyMy04LjUzMyw4LjUzMy04LjUzM2gxNy4wNjcgIGM0LjcxLDAsOC41MzMsMy44MTQsOC41MzMsOC41MzNDNDc3Ljg2NywzNDEuNzg2LDQ3NC4wNDQsMzQ1LjYsNDY5LjMzMywzNDUuNnoiLz4KPHBhdGggc3R5bGU9ImZpbGw6I0VEOEExOTsiIGQ9Ik00MTguMTMzLDM0NS42aC0xNy4wNjdjLTQuNzEsMC04LjUzMy0zLjgxNC04LjUzMy04LjUzM2MwLTQuNzE5LDMuODIzLTguNTMzLDguNTMzLTguNTMzaDE3LjA2NyAgYzQuNzEsMCw4LjUzMywzLjgxNCw4LjUzMyw4LjUzM0M0MjYuNjY3LDM0MS43ODYsNDIyLjg0NCwzNDUuNiw0MTguMTMzLDM0NS42eiIvPgo8cGF0aCBzdHlsZT0iZmlsbDojMTA4MUUwOyIgZD0iTTM2Ni45MzMsMzc5LjczM2gtMTcuMDY3Yy00LjcxLDAtOC41MzMtMy44MTQtOC41MzMtOC41MzNjMC00LjcxOSwzLjgyMy04LjUzMyw4LjUzMy04LjUzM2gxNy4wNjcgIGM0LjcxLDAsOC41MzMsMy44MTQsOC41MzMsOC41MzNDMzc1LjQ2NywzNzUuOTE5LDM3MS42NDQsMzc5LjczMywzNjYuOTMzLDM3OS43MzN6Ii8+CjxwYXRoIHN0eWxlPSJmaWxsOiNBNDg1QkU7IiBkPSJNNDY5LjMzMywzNzkuNzMzaC0xNy4wNjdjLTQuNzEsMC04LjUzMy0zLjgxNC04LjUzMy04LjUzM2MwLTQuNzE5LDMuODIzLTguNTMzLDguNTMzLTguNTMzaDE3LjA2NyAgYzQuNzEsMCw4LjUzMywzLjgxNCw4LjUzMyw4LjUzM0M0NzcuODY3LDM3NS45MTksNDc0LjA0NCwzNzkuNzMzLDQ2OS4zMzMsMzc5LjczM3oiLz4KPHBhdGggc3R5bGU9ImZpbGw6IzU3RDhBQjsiIGQ9Ik00MTguMTMzLDM3OS43MzNoLTE3LjA2N2MtNC43MSwwLTguNTMzLTMuODE0LTguNTMzLTguNTMzYzAtNC43MTksMy44MjMtOC41MzMsOC41MzMtOC41MzNoMTcuMDY3ICBjNC43MSwwLDguNTMzLDMuODE0LDguNTMzLDguNTMzQzQyNi42NjcsMzc1LjkxOSw0MjIuODQ0LDM3OS43MzMsNDE4LjEzMywzNzkuNzMzeiIvPgo8cmVjdCB4PSI0Mi42NjciIHk9IjMwMi45MzMiIHN0eWxlPSJmaWxsOiM4Mzk1OTQ7IiB3aWR0aD0iMTAyLjQiIGhlaWdodD0iNjguMjY3Ii8+CjxwYXRoIHN0eWxlPSJmaWxsOiNGRkZGRkY7IiBkPSJNMTEwLjkzMywzNDUuNkg3Ni44Yy00LjcxLDAtOC41MzMtMy44MTQtOC41MzMtOC41MzNjMC00LjcxOSwzLjgyMy04LjUzMyw4LjUzMy04LjUzM2gzNC4xMzMgIGM0LjcxLDAsOC41MzMsMy44MTQsOC41MzMsOC41MzNDMTE5LjQ2NywzNDEuNzg2LDExNS42NDQsMzQ1LjYsMTEwLjkzMywzNDUuNnoiLz4KPHJlY3QgeD0iMzMyLjgiIHk9Ijg5LjYiIHN0eWxlPSJmaWxsOiM4Mzk1OTQ7IiB3aWR0aD0iMTM2LjUzMyIgaGVpZ2h0PSI4NS4zMzMiLz4KPGc+Cgk8cGF0aCBzdHlsZT0iZmlsbDojRkZGRkZGOyIgZD0iTTM4NCwxNDAuOGgtMTcuMDY3Yy00LjcxLDAtOC41MzMtMy44MTQtOC41MzMtOC41MzNjMC00LjcxOSwzLjgyMy04LjUzMyw4LjUzMy04LjUzM0gzODQgICBjNC43MSwwLDguNTMzLDMuODE0LDguNTMzLDguNTMzQzM5Mi41MzMsMTM2Ljk4NiwzODguNzEsMTQwLjgsMzg0LDE0MC44eiIvPgoJPHBhdGggc3R5bGU9ImZpbGw6I0ZGRkZGRjsiIGQ9Ik00MzUuMiwxNDAuOGgtMTcuMDY3Yy00LjcxLDAtOC41MzMtMy44MTQtOC41MzMtOC41MzNjMC00LjcxOSwzLjgyMy04LjUzMyw4LjUzMy04LjUzM0g0MzUuMiAgIGM0LjcxLDAsOC41MzMsMy44MTQsOC41MzMsOC41MzNDNDQzLjczMywxMzYuOTg2LDQzOS45MSwxNDAuOCw0MzUuMiwxNDAuOHoiLz4KPC9nPgo8cGF0aCBzdHlsZT0iZmlsbDojREQzNTJFOyIgZD0iTTQyLjY2NywxODMuNDY3Yy00LjcxLDAtOC41MzMtMy44MTQtOC41MzMtOC41MzNWODkuNmMwLTQuNzE5LDMuODIzLTguNTMzLDguNTMzLTguNTMzICBTNTEuMiw4NC44ODEsNTEuMiw4OS42djg1LjMzM0M1MS4yLDE3OS42NTIsNDcuMzc3LDE4My40NjcsNDIuNjY3LDE4My40Njd6Ii8+CjxwYXRoIHN0eWxlPSJmaWxsOiNFQkJBMTY7IiBkPSJNNzYuOCwxMjMuNzMzYy00LjcxLDAtOC41MzMtMy44MTQtOC41MzMtOC41MzNWODkuNmMwLTQuNzE5LDMuODIzLTguNTMzLDguNTMzLTguNTMzICBzOC41MzMsMy44MTQsOC41MzMsOC41MzN2MjUuNkM4NS4zMzMsMTE5LjkxOSw4MS41MSwxMjMuNzMzLDc2LjgsMTIzLjczM3oiLz4KPGc+Cgk8cGF0aCBzdHlsZT0iZmlsbDojREM2OTFEOyIgZD0iTTc2LjgsMTgzLjQ2N2MtNC43MSwwLTguNTMzLTMuODE0LTguNTMzLTguNTMzdi0yNS42YzAtNC43MTksMy44MjMtOC41MzMsOC41MzMtOC41MzMgICBzOC41MzMsMy44MTQsOC41MzMsOC41MzN2MjUuNkM4NS4zMzMsMTc5LjY1Miw4MS41MSwxODMuNDY3LDc2LjgsMTgzLjQ2N3oiLz4KCTxwYXRoIHN0eWxlPSJmaWxsOiNEQzY5MUQ7IiBkPSJNMTQ1LjA2NywxMjMuNzMzYy00LjcxLDAtOC41MzMtMy44MTQtOC41MzMtOC41MzNWODkuNmMwLTQuNzE5LDMuODIzLTguNTMzLDguNTMzLTguNTMzICAgYzQuNzEsMCw4LjUzMywzLjgxNCw4LjUzMyw4LjUzM3YyNS42QzE1My42LDExOS45MTksMTQ5Ljc3NywxMjMuNzMzLDE0NS4wNjcsMTIzLjczM3oiLz4KPC9nPgo8cGF0aCBzdHlsZT0iZmlsbDojREQzNTJFOyIgZD0iTTE0NS4wNjcsMTgzLjQ2N2MtNC43MSwwLTguNTMzLTMuODE0LTguNTMzLTguNTMzdi0yNS42YzAtNC43MTksMy44MjMtOC41MzMsOC41MzMtOC41MzMgIGM0LjcxLDAsOC41MzMsMy44MTQsOC41MzMsOC41MzN2MjUuNkMxNTMuNiwxNzkuNjUyLDE0OS43NzcsMTgzLjQ2NywxNDUuMDY3LDE4My40Njd6Ii8+CjxwYXRoIHN0eWxlPSJmaWxsOiNFRDhBMTk7IiBkPSJNMTEwLjkzMywxODMuNDY3Yy00LjcxLDAtOC41MzMtMy44MTQtOC41MzMtOC41MzNWODkuNmMwLTQuNzE5LDMuODIzLTguNTMzLDguNTMzLTguNTMzICBjNC43MSwwLDguNTMzLDMuODE0LDguNTMzLDguNTMzdjg1LjMzM0MxMTkuNDY3LDE3OS42NTIsMTE1LjY0NCwxODMuNDY3LDExMC45MzMsMTgzLjQ2N3oiLz4KPHBhdGggc3R5bGU9ImZpbGw6IzYxQjg3MjsiIGQ9Ik0yOTguNjY3LDk4LjEzM0gxNzkuMmMtNC43MSwwLTguNTMzLTMuODE0LTguNTMzLTguNTMzYzAtNC43MTksMy44MjMtOC41MzMsOC41MzMtOC41MzNoMTE5LjQ2NyAgYzQuNzEsMCw4LjUzMywzLjgxNCw4LjUzMyw4LjUzM0MzMDcuMiw5NC4zMTksMzAzLjM3Nyw5OC4xMzMsMjk4LjY2Nyw5OC4xMzN6Ii8+CjxwYXRoIHN0eWxlPSJmaWxsOiMxMDgxRTA7IiBkPSJNMjk4LjY2NywxODMuNDY3SDE3OS4yYy00LjcxLDAtOC41MzMtMy44MTQtOC41MzMtOC41MzNjMC00LjcxOSwzLjgyMy04LjUzMyw4LjUzMy04LjUzM2gxMTkuNDY3ICBjNC43MSwwLDguNTMzLDMuODE0LDguNTMzLDguNTMzQzMwNy4yLDE3OS42NTIsMzAzLjM3NywxODMuNDY3LDI5OC42NjcsMTgzLjQ2N3oiLz4KPHBhdGggc3R5bGU9ImZpbGw6Izc1MzQ4QjsiIGQ9Ik0xOTYuMjY3LDE0MC44SDE3OS4yYy00LjcxLDAtOC41MzMtMy44MTQtOC41MzMtOC41MzNjMC00LjcxOSwzLjgyMy04LjUzMyw4LjUzMy04LjUzM2gxNy4wNjcgIGM0LjcxLDAsOC41MzMsMy44MTQsOC41MzMsOC41MzNDMjA0LjgsMTM2Ljk4NiwyMDAuOTc3LDE0MC44LDE5Ni4yNjcsMTQwLjh6Ii8+CjxwYXRoIHN0eWxlPSJmaWxsOiNDQjQ2NUY7IiBkPSJNMjk4LjY2NywxNDAuOEgyODEuNmMtNC43MSwwLTguNTMzLTMuODE0LTguNTMzLTguNTMzYzAtNC43MTksMy44MjMtOC41MzMsOC41MzMtOC41MzNoMTcuMDY3ICBjNC43MSwwLDguNTMzLDMuODE0LDguNTMzLDguNTMzQzMwNy4yLDEzNi45ODYsMzAzLjM3NywxNDAuOCwyOTguNjY3LDE0MC44eiIvPgo8cGF0aCBzdHlsZT0iZmlsbDojRkMzOTUyOyIgZD0iTTI0Ny40NjcsMTQwLjhIMjMwLjRjLTQuNzEsMC04LjUzMy0zLjgxNC04LjUzMy04LjUzM2MwLTQuNzE5LDMuODIzLTguNTMzLDguNTMzLTguNTMzaDE3LjA2NyAgYzQuNzEsMCw4LjUzMywzLjgxNCw4LjUzMyw4LjUzM0MyNTYsMTM2Ljk4NiwyNTIuMTc3LDE0MC44LDI0Ny40NjcsMTQwLjh6Ii8+CjxnPgoJPHBhdGggc3R5bGU9ImZpbGw6I0Y3NjM2MzsiIGQ9Ik0xNzAuNjY3LDQ1Ni41MzNjLTIzLjUyNiwwLTQyLjY2Ny0xOS4xNC00Mi42NjctNDIuNjY3VjM5Ni44YzAtNC43MTksMy44MjMtOC41MzMsOC41MzMtOC41MzMgICBzOC41MzMsMy44MTQsOC41MzMsOC41MzN2MTcuMDY3YzAsMTQuMTE0LDExLjQ4NiwyNS42LDI1LjYsMjUuNmM0LjcxLDAsOC41MzMsMy44MTQsOC41MzMsOC41MzMgICBDMTc5LjIsNDUyLjcxOSwxNzUuMzc3LDQ1Ni41MzMsMTcwLjY2Nyw0NTYuNTMzeiIvPgoJPHBhdGggc3R5bGU9ImZpbGw6I0Y3NjM2MzsiIGQ9Ik0zNDEuMzMzLDQ1Ni41MzNjLTQuNzEsMC04LjUzMy0zLjgxNC04LjUzMy04LjUzM2MwLTQuNzE5LDMuODIzLTguNTMzLDguNTMzLTguNTMzICAgYzE0LjExNCwwLDI1LjYtMTEuNDg2LDI1LjYtMjUuNlYzOTYuOGMwLTQuNzE5LDMuODIzLTguNTMzLDguNTMzLTguNTMzYzQuNzEsMCw4LjUzMywzLjgxNCw4LjUzMyw4LjUzM3YxNy4wNjcgICBDMzg0LDQzNy4zOTMsMzY0Ljg2LDQ1Ni41MzMsMzQxLjMzMyw0NTYuNTMzeiIvPgoJPHBhdGggc3R5bGU9ImZpbGw6I0Y3NjM2MzsiIGQ9Ik0zNDEuMzMzLDQ1Ni41MzNIMTcwLjY2N2MtNC43MSwwLTguNTMzLTMuODE0LTguNTMzLTguNTMzYzAtNC43MTksMy44MjMtOC41MzMsOC41MzMtOC41MzNoMTcwLjY2NyAgIGM0LjcxLDAsOC41MzMsMy44MTQsOC41MzMsOC41MzNDMzQ5Ljg2Nyw0NTIuNzE5LDM0Ni4wNDQsNDU2LjUzMywzNDEuMzMzLDQ1Ni41MzN6Ii8+Cgk8cGF0aCBzdHlsZT0iZmlsbDojRjc2MzYzOyIgZD0iTTI1Niw1MDcuNzMzYy00LjcxLDAtOC41MzMtMy44MTQtOC41MzMtOC41MzNWMzk2LjhjMC00LjcxOSwzLjgyMy04LjUzMyw4LjUzMy04LjUzMyAgIGM0LjcxLDAsOC41MzMsMy44MTQsOC41MzMsOC41MzN2MTAyLjRDMjY0LjUzMyw1MDMuOTE5LDI2MC43MSw1MDcuNzMzLDI1Niw1MDcuNzMzeiIvPgoJPHBhdGggc3R5bGU9ImZpbGw6I0Y3NjM2MzsiIGQ9Ik00NjkuMzMzLDUwNy43MzNINDIuNjY3QzE5LjE0LDUwNy43MzMsMCw0ODguNTkzLDAsNDY1LjA2N1Y0NDhjMC00LjcxOSwzLjgyMy04LjUzMyw4LjUzMy04LjUzMyAgIHM4LjUzMywzLjgxNCw4LjUzMyw4LjUzM3YxNy4wNjdjMCwxNC4xMTQsMTEuNDg2LDI1LjYsMjUuNiwyNS42aDQyNi42NjdjMTQuMTE0LDAsMjUuNi0xMS40ODYsMjUuNi0yNS42VjQ0OCAgIGMwLTQuNzE5LDMuODIzLTguNTMzLDguNTMzLTguNTMzYzQuNzEsMCw4LjUzMywzLjgxNCw4LjUzMyw4LjUzM3YxNy4wNjdDNTEyLDQ4OC41OTMsNDkyLjg2LDUwNy43MzMsNDY5LjMzMyw1MDcuNzMzeiIvPgo8L2c+CjxnPgoJPHBhdGggc3R5bGU9ImZpbGw6I0E0ODVCRTsiIGQ9Ik0yNTYsNDA1LjMzM2MtMTguODI1LDAtMzQuMTMzLTE1LjMwOS0zNC4xMzMtMzQuMTMzYzAtMTguODI1LDE1LjMwOS0zNC4xMzMsMzQuMTMzLTM0LjEzMyAgIGMxOC44MjUsMCwzNC4xMzMsMTUuMzA5LDM0LjEzMywzNC4xMzNDMjkwLjEzMywzOTAuMDI1LDI3NC44MjUsNDA1LjMzMywyNTYsNDA1LjMzM3oiLz4KCTxwYXRoIHN0eWxlPSJmaWxsOiNBNDg1QkU7IiBkPSJNMzc1LjQ2Nyw0MDUuMzMzYy0xOC44MjUsMC0zNC4xMzMtMTUuMzA5LTM0LjEzMy0zNC4xMzNjMC0xOC44MjUsMTUuMzA5LTM0LjEzMywzNC4xMzMtMzQuMTMzICAgYzE4LjgyNSwwLDM0LjEzMywxNS4zMDksMzQuMTMzLDM0LjEzM0M0MDkuNiwzOTAuMDI1LDM5NC4yOTEsNDA1LjMzMywzNzUuNDY3LDQwNS4zMzN6Ii8+Cgk8cGF0aCBzdHlsZT0iZmlsbDojQTQ4NUJFOyIgZD0iTTEzNi41MzMsNDA1LjMzM2MtMTguODI1LDAtMzQuMTMzLTE1LjMwOS0zNC4xMzMtMzQuMTMzYzAtMTguODI1LDE1LjMwOS0zNC4xMzMsMzQuMTMzLTM0LjEzMyAgIHMzNC4xMzMsMTUuMzA5LDM0LjEzMywzNC4xMzNDMTcwLjY2NywzOTAuMDI1LDE1NS4zNTgsNDA1LjMzMywxMzYuNTMzLDQwNS4zMzN6Ii8+CjwvZz4KPGc+CjwvZz4KPGc+CjwvZz4KPGc+CjwvZz4KPGc+CjwvZz4KPGc+CjwvZz4KPGc+CjwvZz4KPGc+CjwvZz4KPGc+CjwvZz4KPGc+CjwvZz4KPGc+CjwvZz4KPGc+CjwvZz4KPGc+CjwvZz4KPGc+CjwvZz4KPGc+CjwvZz4KPGc+CjwvZz4KPC9zdmc+Cg==","An IT network engineer designs the computer networks that organizations rely on to access, share, and store information. Network engineers implement and maintain local area networks (LAN), wide area networks (WAN), the corporate intranet and Internet connections, and the virtual private network (VPN). ",,
13,Storage,Storage,2018-07-03T13:06:09.044Z,2018-07-03T15:27:41.029Z,storage,,,MODiJZJg1I,Object,ServiceCategory,"data:image/svg+xml;utf8;base64,PD94bWwgdmVyc2lvbj0iMS4wIiBlbmNvZGluZz0iaXNvLTg4NTktMSI/Pgo8IS0tIEdlbmVyYXRvcjogQWRvYmUgSWxsdXN0cmF0b3IgMTguMC4wLCBTVkcgRXhwb3J0IFBsdWctSW4gLiBTVkcgVmVyc2lvbjogNi4wMCBCdWlsZCAwKSAgLS0+CjwhRE9DVFlQRSBzdmcgUFVCTElDICItLy9XM0MvL0RURCBTVkcgMS4xLy9FTiIgImh0dHA6Ly93d3cudzMub3JnL0dyYXBoaWNzL1NWRy8xLjEvRFREL3N2ZzExLmR0ZCI+CjxzdmcgeG1sbnM9Imh0dHA6Ly93d3cudzMub3JnLzIwMDAvc3ZnIiB4bWxuczp4bGluaz0iaHR0cDovL3d3dy53My5vcmcvMTk5OS94bGluayIgdmVyc2lvbj0iMS4xIiBpZD0iQ2FwYV8xIiB4PSIwcHgiIHk9IjBweCIgdmlld0JveD0iMCAwIDU2IDU2IiBzdHlsZT0iZW5hYmxlLWJhY2tncm91bmQ6bmV3IDAgMCA1NiA1NjsiIHhtbDpzcGFjZT0icHJlc2VydmUiIHdpZHRoPSI1MTJweCIgaGVpZ2h0PSI1MTJweCI+CjxnPgoJPGc+CgkJPHBhdGggc3R5bGU9ImZpbGw6IzU0NUU3MzsiIGQ9Ik00OS40NTUsOEw0OS40NTUsOEM0OC43MjQsMy41MzgsMzguMjgxLDAsMjUuNSwwUzIuMjc2LDMuNTM4LDEuNTQ1LDhsMCwwSDEuNXYwLjVWMjB2MC41VjIxdjExICAgIHYwLjVWMzN2MTJoMC4wNDVjMC43MzEsNC40NjEsMTEuMTc1LDgsMjMuOTU1LDhzMjMuMjI0LTMuNTM5LDIzLjk1NS04SDQ5LjVWMzN2LTAuNVYzMlYyMXYtMC41VjIwVjguNVY4SDQ5LjQ1NXoiLz4KCQk8Zz4KCQkJPHBhdGggc3R5bGU9ImZpbGw6IzM4NDU0RjsiIGQ9Ik0yNS41LDQxYy0xMy4yNTUsMC0yNC0zLjgwNi0yNC04LjVWNDVoMC4wNDVjMC43MzEsNC40NjEsMTEuMTc1LDgsMjMuOTU1LDggICAgIHMyMy4yMjQtMy41MzksMjMuOTU1LThINDkuNVYzMi41QzQ5LjUsMzcuMTk0LDM4Ljc1NSw0MSwyNS41LDQxeiIvPgoJCQk8cGF0aCBzdHlsZT0iZmlsbDojMzg0NTRGOyIgZD0iTTEuNSwzMnYwLjVjMC0wLjE2OCwwLjAxOC0wLjMzNCwwLjA0NS0wLjVIMS41eiIvPgoJCQk8cGF0aCBzdHlsZT0iZmlsbDojMzg0NTRGOyIgZD0iTTQ5LjQ1NSwzMmMwLjAyNywwLjE2NiwwLjA0NSwwLjMzMiwwLjA0NSwwLjVWMzJINDkuNDU1eiIvPgoJCTwvZz4KCQk8Zz4KCQkJPHBhdGggc3R5bGU9ImZpbGw6IzU1NjA4MDsiIGQ9Ik0yNS41LDI5Yy0xMy4yNTUsMC0yNC0zLjgwNi0yNC04LjVWMzNoMC4wNDVjMC43MzEsNC40NjEsMTEuMTc1LDgsMjMuOTU1LDggICAgIHMyMy4yMjQtMy41MzksMjMuOTU1LThINDkuNVYyMC41QzQ5LjUsMjUuMTk0LDM4Ljc1NSwyOSwyNS41LDI5eiIvPgoJCQk8cGF0aCBzdHlsZT0iZmlsbDojNTU2MDgwOyIgZD0iTTEuNSwyMHYwLjVjMC0wLjE2OCwwLjAxOC0wLjMzNCwwLjA0NS0wLjVIMS41eiIvPgoJCQk8cGF0aCBzdHlsZT0iZmlsbDojNTU2MDgwOyIgZD0iTTQ5LjQ1NSwyMGMwLjAyNywwLjE2NiwwLjA0NSwwLjMzMiwwLjA0NSwwLjVWMjBINDkuNDU1eiIvPgoJCTwvZz4KCQk8ZWxsaXBzZSBzdHlsZT0iZmlsbDojOTFCQUUxOyIgY3g9IjI1LjUiIGN5PSI4LjUiIHJ4PSIyNCIgcnk9IjguNSIvPgoJCTxnPgoJCQk8cGF0aCBzdHlsZT0iZmlsbDojODY5N0NCOyIgZD0iTTI1LjUsMTdjLTEzLjI1NSwwLTI0LTMuODA2LTI0LTguNVYyMWgwLjA0NWMwLjczMSw0LjQ2MSwxMS4xNzUsOCwyMy45NTUsOCAgICAgczIzLjIyNC0zLjUzOSwyMy45NTUtOEg0OS41VjguNUM0OS41LDEzLjE5NCwzOC43NTUsMTcsMjUuNSwxN3oiLz4KCQkJPHBhdGggc3R5bGU9ImZpbGw6Izg2OTdDQjsiIGQ9Ik0xLjUsOHYwLjVjMC0wLjE2OCwwLjAxOC0wLjMzNCwwLjA0NS0wLjVIMS41eiIvPgoJCQk8cGF0aCBzdHlsZT0iZmlsbDojODY5N0NCOyIgZD0iTTQ5LjQ1NSw4QzQ5LjQ4Miw4LjE2Niw0OS41LDguMzMyLDQ5LjUsOC41VjhINDkuNDU1eiIvPgoJCTwvZz4KCTwvZz4KCTxnPgoJCTxjaXJjbGUgc3R5bGU9ImZpbGw6IzI2Qjk5OTsiIGN4PSI0Mi41IiBjeT0iNDQiIHI9IjEyIi8+CgkJPHBhdGggc3R5bGU9ImZpbGw6I0ZGRkZGRjsiIGQ9Ik00OS4wNzEsMzguMTc5Yy0wLjQ1NS0wLjMxNi0xLjA3Ny0wLjIwNC0xLjM5MiwwLjI1bC01LjU5Niw4LjA0bC0zLjk0OS0zLjI0MiAgICBjLTAuNDI2LTAuMzUxLTEuMDU3LTAuMjg4LTEuNDA3LDAuMTM5Yy0wLjM1MSwwLjQyNy0wLjI4OSwxLjA1NywwLjEzOSwxLjQwN2w0Ljc4NiwzLjkyOWMwLjE4LDAuMTQ3LDAuNDA0LDAuMjI3LDAuNjM0LDAuMjI3ICAgIGMwLjA0NSwwLDAuMDkxLTAuMDAzLDAuMTM3LTAuMDA5YzAuMjc2LTAuMDM5LDAuNTI0LTAuMTksMC42ODQtMC40MTlsNi4yMTQtOC45MjlDNDkuNjM2LDM5LjExOCw0OS41MjQsMzguNDk1LDQ5LjA3MSwzOC4xNzl6Ii8+Cgk8L2c+CjwvZz4KPGc+CjwvZz4KPGc+CjwvZz4KPGc+CjwvZz4KPGc+CjwvZz4KPGc+CjwvZz4KPGc+CjwvZz4KPGc+CjwvZz4KPGc+CjwvZz4KPGc+CjwvZz4KPGc+CjwvZz4KPGc+CjwvZz4KPGc+CjwvZz4KPGc+CjwvZz4KPGc+CjwvZz4KPGc+CjwvZz4KPC9zdmc+Cg==","
1 GiB of SDRAM mounted in a personal computer. An example of primary storage.

15 GiB PATA hard disk drive (HDD) from 1999; when connected to a computer it serves as secondary storage.

160 GB SDLT tape cartridge, an example of off-line storage. When used within a robotic tape library, it is classified as tertiary storage instead.
Computer data storage, often called storage or memory, is a technology consisting of computer components and recording media that are used to retain digital data. It is a core function and fundamental component of computers",,
14,Maintenance,Maintenance,2018-07-03T13:06:09.387Z,2018-07-03T13:06:09.387Z,maintenance,,,agAEiiCNGl,Object,ServiceCategory,,,,
15,Project Management,Project Management,2018-07-11T12:41:17.486Z,2020-04-23T16:51:06.533Z,project_management,Gestion Des Projets,{'*': {'read': True}},GCbpqz9FmL,Object,ServiceCategory,,,,
16,Management,Management,2018-07-12T16:14:07.006Z,2018-07-12T16:15:56.678Z,management,,,Vz6c5lQyN7,Object,ServiceCategory,,Offers you the ability to manage efficienly your company,,
17,Collaboration,Collaboration,2018-07-12T17:01:00.257Z,2020-04-23T16:39:50.384Z,collaboration,Outils De Collaboration,{'*': {'read': True}},Tiw3Mrszyx,Object,ServiceCategory,,,,
18,Customer Relationship Management,Customer Relationship Management,2018-07-13T09:04:15.134Z,2020-04-23T16:34:17.190Z,crm,Gestion De La Relation Client,{'*': {'read': True}},rGIvTPetST,Object,ServiceCategory,,,,
19,Survey,Survey,2018-08-08T18:03:44.541Z,2020-04-23T16:57:07.954Z,survey,Outils De Sondage,{'*': {'read': True}},9qHtICqcoJ,Object,ServiceCategory,,,,
20,Accounting and Finance,Accounting and Finance,2018-08-21T17:36:30.835Z,2020-04-23T16:31:39.126Z,accounting_finance,Comptabilite Et Finance,{'*': {'read': True}},rWBRyyHqiz,Object,ServiceCategory,,,Description COMPTABILITE ET FINANCE,
21,Website Tracking,Website Tracking,2018-08-22T09:54:49.570Z,2020-04-23T17:01:54.256Z,website_tracking,Tracking Sur Site Web,{'*': {'read': True}},6BvTJItTZt,Object,ServiceCategory,,"Track website traffic and visitor analytics through our free, open-source web analytics applications.",,
22,Student information system,Student information system,2018-10-22T10:59:33.234Z,2020-04-23T16:56:11.586Z,student_information_system,Systemes D’information Etudiant Et Applications D’apprentissage,{'*': {'read': True}},jTlbZD7UHn,Object,ServiceCategory,,,,
23,Help Desk,Help Desk,2018-10-25T10:23:15.879Z,2020-04-23T16:49:49.099Z,help_desk,Logiciels De Support,{'*': {'read': True}},98VGEW2nSt,Object,ServiceCategory,,,,
24,Storage and Backup,Storage and Backup,2019-07-22T13:33:13.903Z,2019-07-22T13:33:29.827Z,storage_and_backup,,{'*': {'read': True}},btRKBrPZoC,Object,ServiceCategory,,,,
25,Security,Security,2019-07-22T13:33:40.437Z,2019-07-22T13:33:49.289Z,security,,{'*': {'read': True}},vS0GMaDZWy,Object,ServiceCategory,,,,
26,Computing power,Computing power,2019-07-22T13:33:59.553Z,2019-07-22T13:34:12.278Z,computing_power,,{'*': {'read': True}},3Rjy8GHGME,Object,ServiceCategory,,,,
27,Professional service,Professional service,2019-07-22T13:34:37.929Z,2019-07-22T13:34:54.418Z,professional_service,,{'*': {'read': True}},iTISAL729f,Object,ServiceCategory,,,,
28,Support SLA Level,Support SLA Level,2019-07-22T13:35:07.727Z,2019-07-22T13:35:20.240Z,support_sla_level,,{'*': {'read': True}},o0EFrwM7dr,Object,ServiceCategory,,,,
29,Hospital Management System,HMS,2021-01-07T11:44:55.731Z,2021-01-07T11:47:09.890Z,hms,Hospital Management System (HMS) Système de Gestion Hospitalière (SGH),{'*': {'read': True}},8DHLEvkVgD,Object,ServiceCategory,,,,
