,objectId,price,number_of_month
0,WjktZykAAK,5.99,1
1,sfyzd6MaZH,9.99,1
2,PSR5ArS7Z8,29.85,1
3,prBlW9GMpA,29.99,1
4,CuYOUoKqX0,39.99,1
5,0eSSww5jud,49.99,1
6,yMmOf4BECB,69.99,1
7,NC4zcAO1dF,139.99,1
8,WKSzPp4S6g,39.99,1
9,6HiEeL2Xtq,49.99,1
10,HmPOol0jxA,59.99,1
11,J1Sm39Ebvr,79.99,1
12,BiCG5iNmna,149.99,1
13,NpDYSrBtS8,131.88,3
14,8OBgGc2xrz,263.76,9
15,J5haTlrIAq,395.64,6
16,YSvTEIa5RQ,10.99,3
17,TPHW5C7jf0,7.99,1
18,koNgxKUPO6,11.99,1
19,j2PnNXey1m,23.99,1
20,7wMgClbVFv,64.99,12
21,6KcY3aepXm,129.98,24
22,KhwnCxmIAY,299.99,12
23,64113sv769,599.98,24
24,ChUkRUSaMz,89.99,12
25,eQ52JrL48l,179.98,24
26,X8FxLOm0hQ,169.99,12
27,ybRJZG2d7Y,339.98,24
28,477MFyfDE0,249.99,12
29,v45SSmGMPh,499.98,24
30,3AcVWfiNVP,329.99,12
31,w0UAWUnRzb,659.98,24
32,x5yPT8XlqL,469.99,12
33,sixXPFvKb0,939.98,24
34,zgVyBN2Ugc,609.99,12
35,TQT1EUYJsF,1219.98,24
36,4HZ3YHDlx9,749.99,12
37,4V77wicl0p,1499.98,24
38,48IAI2NnDc,1499.99,12
39,e8heff4SGk,2999.98,24
40,VxbUmvcBCI,99.99,12
41,0JdXHTANBl,199.98,24
42,YXdAt2spLD,399.99,12
43,aFhajvqKqJ,799.98,24
44,bZOgG4jx2S,249.99,12
45,aBp1oAbkg1,499.98,24
46,26Fih8xVaf,399.99,12
47,J8muFeW3zc,799.98,24
48,EeHIB1lZt2,549.99,12
49,pqiPU5Nmno,1099.98,24
50,CEzqW1KZCy,699.99,12
51,6hVSzfLsCs,1399.98,24
52,Zt39MjuudZ,999.99,12
53,eqJXgsrB3G,1999.98,24
54,jfEn9xyWy6,1299.99,12
55,jMaHWeW8vX,2599.98,24
56,INAAQQmqA1,1599.99,12
57,eFWvFSafej,3199.98,24
58,RcL6PyZnby,3099.99,12
59,0glGXCQhtt,6199.98,24
60,niCzqvNs2p,0.0,free
61,kqjeGDDnok,,enterprise
62,02sSDCbD7A,1.49,1
63,ycsazXME3w,5.99,1
64,65KgxHFKgi,8.99,1
65,NjQgmt6BxJ,14.99,1
66,ycJ7ruwPlB,4.39,1
67,vINpoWIVta,7.73,1
68,bwQQqQW2zx,11.07,1
69,BVDg0Gi66n,1.49,1
70,QLMBx2ADng,5.99,1
71,4CvP0yfUs3,8.99,1
72,ouR8CIJpqo,14.99,1
73,AoObhfWp7G,1.49,1
74,k6Gva2LQwP,5.99,1
75,MLS7Va5IIw,8.99,1
76,dzusOvhlab,14.99,1
77,4Q1ZU3K9JG,594.0,12
78,S7143GMweM,359.76,12
79,2VuPFFFfEW,34.99,1
80,9ZSLOxD6Qe,54.99,1
81,Goh1jQ3AIG,133.96,4
82,kiCubqkRdZ,213.96,4
83,SA0Ae3Z8mt,197.88,6
84,SMdv6WUGrX,317.88,6
85,8A66JCdhEe,53.98,12
86,nGbrubsiS5,100.2,12
87,wleiqSglb9,298.2,12
88,WyRlkmAw6G,14.99,1
89,SykQsRCcZr,51.8,4
90,7XmSL7PCvS,68.94,6
91,Gyn4DtR4zW,119.76,12
92,ouCAcAFddE,19.99,1
93,JBHAIK5ehS,67.84,4
94,6zWR9BSb9p,83.88,6
95,Dz5hgZZ3pf,139.08,12
96,eLfTyU6YoH,15.99,1
97,udbz7SmUsG,59.8,4
98,cBoebS59tL,74.94,6
99,RalFGbWgKA,119.76,12
100,FqgJXfPgJM,25.99,1
101,TWLBcv7ctf,99.84,4
102,lZofvMsPdC,131.88,6
103,sOFOJ7KmAH,235.08,12
104,a3KPbXcH3B,8.99,12
105,U1Y5JOJVCL,8.99,6
106,SEkYlC1vXs,7.0,1
107,5q6NZa08kk,3.0,1
108,FxgqQpisjq,0.0,free
109,SbA5kZduF0,0.0,free
110,lHgYedLRzi,5.0,1
111,ErJrrENwT5,11.0,1
112,cBwcAGCTUI,0.0,free
113,oFsx0GckLE,25.0,1
114,3t7OYmLaCj,45.0,1
115,5BOsPpjFjy,0.0,free
116,jrwR0qfdPn,15.0,1
117,A6ZxvxRzdx,25.0,1
118,35L47HpO9D,0.0,free
119,a1dqUq1esm,1.0,1
120,eZYbG1nBok,2.0,1
121,DsE1h0Zgy4,0.0,free
122,J9gfYfHGRZ,5.0,1
123,bon7nGkrLO,8.0,1
124,bE2EnY4Ehv,0.0,free
125,tpYCuEVZvx,35.88,12
126,J6wNR8CzpS,7.99,1
127,upofTAi5tf,27.56,4
128,nXZXr75CQ8,59.88,12
129,yqEME0AXcw,59.88,12
130,uSIrjwRD25,13.49,1
131,UJOSbv0kDh,47.96,4
132,XF0D0kxec3,119.88,12
